CHROM,POS,A1/A2,avsnp147,snp138,AF,Gene.refGene,Func.refGene,ExonicFunc.refGene,AAChange.refGene,Gene.ensGene,Func.ensGene,ExonicFunc.ensGene,AAChange.refGene,gnomAD_exome_ALL,gnomAD_exome_AFR,gnomAD_exome_AMR,gnomAD_exome_ASJ,gnomAD_exome_EAS,gnomAD_exome_FIN,gnomAD_exome_NFE,gnomAD_exome_OTH,gnomAD_exome_SAS,1000g2014oct_all,1000g2014oct_afr,SIFT_pred,,Polyphen2_HDIV_pred,,Polyphen2_HVAR_pred,,LRT_pred,,MutationTaster_pred,,MutationAssessor_pred,,FATHMM_pred,,RadialSVM_pred,LR_pred,PROVEAN_pred,fathmm-MKL_coding_pred,MetaSVM_pred,MetaLR_pred,CLNSIG
chr10,114177616,G/A,rs34585626,rs34585626,0.028,ACSL5,exonic,nonsynonymous_SNV,ACSL5_NM_016234_exon14_c.G1399A_p.G467R|ACSL5_NM_203379_exon14_c.G1231A_p.G411R|ACSL5_NM_203380_exon14_c.G1231A_p.G411R,ENSG00000197142,exonic,nonsynonymous_SNV,ACSL5_NM_016234_exon14_c.G1399A_p.G467R|ACSL5_NM_203379_exon14_c.G1231A_p.G411R|ACSL5_NM_203380_exon14_c.G1231A_p.G411R,0.0015,0.0109,0.0035,0.0002,0,0.0002,0.0005,0.0047,0.0002,0.00399361,0.0136,D,D,D,D,D,D,D,D,D,D,H,H,T,T,T,T,D,D,T,T,.
chr10,120931936,C/T,rs11554902,rs11554902,0.028,PRDX3,exonic,nonsynonymous_SNV,PRDX3_NM_001302272_exon5_c.G509A_p.R170Q|PRDX3_NM_006793_exon5_c.G509A_p.R170Q,ENSG00000165672,exonic,nonsynonymous_SNV,PRDX3_NM_001302272_exon5_c.G509A_p.R170Q|PRDX3_NM_006793_exon5_c.G509A_p.R170Q,0.0004,0.0054,0.0007,0,0,0,0,0.0002,3.249E-05,0.00199681,0.0068,T,T,D,D,B,B,D,D,D,D,L,L,T,T,T,T,N,D,T,T,.
chr10,120936539,T/G,rs34698541,rs34698541,0.056,PRDX3,exonic,nonsynonymous_SNV,PRDX3_NM_001302272_exon2_c.A163C_p.S55R|PRDX3_NM_006793_exon2_c.A163C_p.S55R,ENSG00000165672,exonic,nonsynonymous_SNV,PRDX3_NM_001302272_exon2_c.A163C_p.S55R|PRDX3_NM_006793_exon2_c.A163C_p.S55R,0.0008,0.0118,0.0002,0,0,0,0.0001,0.0002,0,0.00439297,0.0159,D,D,B,B,B,B,D,D,D,D,N,N,T,T,T,T,N,D,T,T,.
chr10,26286103,C/T,rs140301218,rs140301218,0.028,MYO3A,exonic,nonsynonymous_SNV,MYO3A_NM_017433_exon6_c.C424T_p.H142Y,ENSG00000095777,exonic,nonsynonymous_SNV,MYO3A_NM_017433_exon6_c.C424T_p.H142Y,0.0002,0.0026,0.0002,0,0,0,0,0.0005,3.249E-05,0.00139776,0.003,D,D,D,D,D,D,D,D,D,D,H,H,D,D,D,D,D,D,D,D,Likely_benign
chr10,26305773,C/T,rs33968748,rs33968748,0.167,MYO3A,exonic,nonsynonymous_SNV,MYO3A_NM_017433_exon7_c.C533T_p.T178I,ENSG00000095777,exonic,nonsynonymous_SNV,MYO3A_NM_017433_exon7_c.C533T_p.T178I,0.0031,0.0395,0.0038,0,0,0,0.0002,0.0016,3.249E-05,0.0131789,0.0477,D,D,D,D,D,D,D,D,D,D,L,L,T,T,T,T,D,D,T,T,Benign
chr10,26377271,C/T,rs138526349,rs138526349,0.028,MYO3A,exonic,nonsynonymous_SNV,MYO3A_NM_017433_exon15_c.C1499T_p.A500V,ENSG00000095777,exonic,nonsynonymous_SNV,MYO3A_NM_017433_exon15_c.C1499T_p.A500V,8.94E-05,0.0005,8.935E-05,0,5.802E-05,0,2.688E-05,0,0.0002,.,.,T,T,B,B,B,B,D,D,D,D,N,N,D,D,T,T,N,D,T,T,.
chr10,26434381,T/C,rs187273590,rs187273590,0.028,MYO3A,exonic,nonsynonymous_SNV,MYO3A_NM_017433_exon22_c.T2423C_p.F808S,ENSG00000095777,exonic,nonsynonymous_SNV,MYO3A_NM_017433_exon22_c.T2423C_p.F808S,1.222E-05,0.0002,0,0,0,0,0,0,0,0.000399361,0.0015,D,D,D,D,D,D,D,D,D,D,M,M,D,D,D,D,D,D,D,D,.
chr10,55566761,C/T,rs181306086,rs181306086,0.028,PCDH15,exonic,unknown,UNKNOWN,ENSG00000150275,exonic,nonsynonymous_SNV,UNKNOWN,0.0003,0.0045,0.0004,0,0,0,1.803E-05,0,3.249E-05,0.000599042,0.0015,.,D,D,D,D,D,.,.,D,D,M,M,.,T,T,T,.,D,T,T,Conflicting_interpretations_of_pathogenicity
chr10,55591253,G/T,rs61731387,rs61731387,0.028,PCDH15,exonic,nonsynonymous_SNV,PCDH15_NM_001142765_exon28_c.C3811A_p.Q1271K|PCDH15_NM_001142767_exon29_c.C3913A_p.Q1305K|PCDH15_NM_001142768_exon29_c.C3958A_p.Q1320K|PCDH15_NM_001142773_exon29_c.C3958A_p.Q1320K|PCDH15_NM_001142764_exon30_c.C4024A_p.Q1342K|PCDH15_NM_001142766_exon30_c.C4024A_p.Q1342K|PCDH15_NM_033056_exon30_c.C4024A_p.Q1342K|PCDH15_NM_001142763_exon31_c.C4039A_p.Q1347K,ENSG00000150275,exonic,nonsynonymous_SNV,PCDH15_NM_001142765_exon28_c.C3811A_p.Q1271K|PCDH15_NM_001142767_exon29_c.C3913A_p.Q1305K|PCDH15_NM_001142768_exon29_c.C3958A_p.Q1320K|PCDH15_NM_001142773_exon29_c.C3958A_p.Q1320K|PCDH15_NM_001142764_exon30_c.C4024A_p.Q1342K|PCDH15_NM_001142766_exon30_c.C4024A_p.Q1342K|PCDH15_NM_033056_exon30_c.C4024A_p.Q1342K|PCDH15_NM_001142763_exon31_c.C4039A_p.Q1347K,0.0017,0.0233,0.0012,0.0002,0,0,0.0002,0.0015,6.498E-05,0.0081869,0.028,D,T,D,D,D,D,.,.,D,D,L,L,T,T,T,T,N,D,T,T,Benign/Likely_benign
chr10,55782743,A/G,rs61731363,rs61731363,0.056,PCDH15,exonic,nonsynonymous_SNV,PCDH15_NM_001142765_exon17_c.T2222C_p.I741T|PCDH15_NM_001142767_exon18_c.T2324C_p.I775T|PCDH15_NM_001142768_exon18_c.T2369C_p.I790T|PCDH15_NM_001142773_exon18_c.T2369C_p.I790T|PCDH15_NM_001142764_exon19_c.T2435C_p.I812T|PCDH15_NM_001142766_exon19_c.T2435C_p.I812T|PCDH15_NM_033056_exon19_c.T2435C_p.I812T|PCDH15_NM_001142763_exon20_c.T2450C_p.I817T,ENSG00000150275,exonic,nonsynonymous_SNV,PCDH15_NM_001142765_exon17_c.T2222C_p.I741T|PCDH15_NM_001142767_exon18_c.T2324C_p.I775T|PCDH15_NM_001142768_exon18_c.T2369C_p.I790T|PCDH15_NM_001142773_exon18_c.T2369C_p.I790T|PCDH15_NM_001142764_exon19_c.T2435C_p.I812T|PCDH15_NM_001142766_exon19_c.T2435C_p.I812T|PCDH15_NM_033056_exon19_c.T2435C_p.I812T|PCDH15_NM_001142763_exon20_c.T2450C_p.I817T,0.0007,0.0098,0.0004,0,0,0,8.962E-06,0.0005,0,0.00399361,0.0151,T,D,D,D,D,D,.,.,D,D,L,L,T,T,T,T,D,D,T,T,Benign/Likely_benign
chr10,55892642,T/C,rs61731389,rs61731389,0.083,PCDH15,exonic,nonsynonymous_SNV,PCDH15_NM_001142767_exon14_c.A1799G_p.N600S|PCDH15_NM_001142768_exon14_c.A1844G_p.N615S|PCDH15_NM_001142773_exon14_c.A1844G_p.N615S|PCDH15_NM_001142764_exon15_c.A1910G_p.N637S|PCDH15_NM_001142766_exon15_c.A1910G_p.N637S|PCDH15_NM_033056_exon15_c.A1910G_p.N637S|PCDH15_NM_001142763_exon16_c.A1925G_p.N642S,ENSG00000150275,exonic,nonsynonymous_SNV,PCDH15_NM_001142767_exon14_c.A1799G_p.N600S|PCDH15_NM_001142768_exon14_c.A1844G_p.N615S|PCDH15_NM_001142773_exon14_c.A1844G_p.N615S|PCDH15_NM_001142764_exon15_c.A1910G_p.N637S|PCDH15_NM_001142766_exon15_c.A1910G_p.N637S|PCDH15_NM_033056_exon15_c.A1910G_p.N637S|PCDH15_NM_001142763_exon16_c.A1925G_p.N642S,0.0276,0.0369,0.0177,0.0332,0.0019,0.024,0.0274,0.035,0.0484,0.0315495,0.0461,T,T,D,D,D,D,.,.,D,D,N,N,T,T,T,T,N,D,T,T,Conflicting_interpretations_of_pathogenicity
chr10,55913038,C/G,rs140516168,rs140516168,0.028,PCDH15,exonic,nonsynonymous_SNV,PCDH15_NM_001142767_exon13_c.G1495C_p.A499P|PCDH15_NM_001142768_exon13_c.G1540C_p.A514P|PCDH15_NM_001142773_exon13_c.G1540C_p.A514P|PCDH15_NM_001142764_exon14_c.G1606C_p.A536P|PCDH15_NM_001142765_exon14_c.G1606C_p.A536P|PCDH15_NM_001142766_exon14_c.G1606C_p.A536P|PCDH15_NM_033056_exon14_c.G1606C_p.A536P|PCDH15_NM_001142763_exon15_c.G1621C_p.A541P,ENSG00000150275,exonic,nonsynonymous_SNV,PCDH15_NM_001142767_exon13_c.G1495C_p.A499P|PCDH15_NM_001142768_exon13_c.G1540C_p.A514P|PCDH15_NM_001142773_exon13_c.G1540C_p.A514P|PCDH15_NM_001142764_exon14_c.G1606C_p.A536P|PCDH15_NM_001142765_exon14_c.G1606C_p.A536P|PCDH15_NM_001142766_exon14_c.G1606C_p.A536P|PCDH15_NM_033056_exon14_c.G1606C_p.A536P|PCDH15_NM_001142763_exon15_c.G1621C_p.A541P,4.475E-05,0.0007,0,0,0,0,0,0,0,.,.,T,T,D,D,D,D,.,.,D,D,L,L,T,T,T,T,N,D,T,T,Uncertain_significance
chr10,55943325,C/G,rs139018592,rs139018592,0.028,PCDH15,exonic,nonsynonymous_SNV,PCDH15_NM_001142767_exon12_c.G1358C_p.S453T|PCDH15_NM_001142768_exon12_c.G1403C_p.S468T|PCDH15_NM_001142773_exon12_c.G1403C_p.S468T|PCDH15_NM_001142764_exon13_c.G1469C_p.S490T|PCDH15_NM_001142765_exon13_c.G1469C_p.S490T|PCDH15_NM_001142766_exon13_c.G1469C_p.S490T|PCDH15_NM_033056_exon13_c.G1469C_p.S490T|PCDH15_NM_001142763_exon14_c.G1484C_p.S495T,ENSG00000150275,exonic,nonsynonymous_SNV,PCDH15_NM_001142767_exon12_c.G1358C_p.S453T|PCDH15_NM_001142768_exon12_c.G1403C_p.S468T|PCDH15_NM_001142773_exon12_c.G1403C_p.S468T|PCDH15_NM_001142764_exon13_c.G1469C_p.S490T|PCDH15_NM_001142765_exon13_c.G1469C_p.S490T|PCDH15_NM_001142766_exon13_c.G1469C_p.S490T|PCDH15_NM_033056_exon13_c.G1469C_p.S490T|PCDH15_NM_001142763_exon14_c.G1484C_p.S495T,8.126E-06,0.0001,0,0,0,0,0,0,0,.,.,T,T,D,D,D,D,.,.,D,D,M,M,T,T,T,T,N,D,T,T,.
chr10,56077083,C/T,rs142678284,rs142678284,0.028,PCDH15,exonic,nonsynonymous_SNV,PCDH15_NM_001142767_exon7_c.G713A_p.R238H|PCDH15_NM_001142768_exon7_c.G758A_p.R253H|PCDH15_NM_001142773_exon7_c.G758A_p.R253H|PCDH15_NM_001142764_exon8_c.G824A_p.R275H|PCDH15_NM_001142765_exon8_c.G824A_p.R275H|PCDH15_NM_001142766_exon8_c.G824A_p.R275H|PCDH15_NM_033056_exon8_c.G824A_p.R275H|PCDH15_NM_001142763_exon9_c.G839A_p.R280H,ENSG00000150275,exonic,nonsynonymous_SNV,PCDH15_NM_001142767_exon7_c.G713A_p.R238H|PCDH15_NM_001142768_exon7_c.G758A_p.R253H|PCDH15_NM_001142773_exon7_c.G758A_p.R253H|PCDH15_NM_001142764_exon8_c.G824A_p.R275H|PCDH15_NM_001142765_exon8_c.G824A_p.R275H|PCDH15_NM_001142766_exon8_c.G824A_p.R275H|PCDH15_NM_033056_exon8_c.G824A_p.R275H|PCDH15_NM_001142763_exon9_c.G839A_p.R280H,9.346E-05,0.001,0.0001,0,5.8E-05,0,2.688E-05,0,0,0.000199681,0.0008,T,T,D,D,D,D,.,.,D,D,L,L,T,T,T,T,D,D,T,T,.
chr10,73406348,G/A,rs62622410,rs62622410,0.028,CDH23,exonic,nonsynonymous_SNV,CDH23_NM_001171930_exon13_c.G1423A_p.V475M|CDH23_NM_001171931_exon13_c.G1423A_p.V475M|CDH23_NM_022124_exon13_c.G1423A_p.V475M|CDH23_NM_052836_exon13_c.G1423A_p.V475M,ENSG00000107736,exonic,nonsynonymous_SNV,CDH23_NM_001171930_exon13_c.G1423A_p.V475M|CDH23_NM_001171931_exon13_c.G1423A_p.V475M|CDH23_NM_022124_exon13_c.G1423A_p.V475M|CDH23_NM_052836_exon13_c.G1423A_p.V475M,0.0032,0.0435,0.0027,0,0.0001,0,0.0002,0.002,0.0001,0.014377,0.053,T,T,D,D,D,D,N,N,D,D,M,M,T,T,T,T,N,D,T,T,Benign/Likely_benign
chr10,73434888,G/C,rs1227049,rs1227049,0.028,CDH23,exonic,nonsynonymous_SNV,CDH23_NM_001171930_exon14_c.G1469C_p.G490A|CDH23_NM_001171931_exon14_c.G1469C_p.G490A|CDH23_NM_022124_exon14_c.G1469C_p.G490A,ENSG00000107736,exonic,nonsynonymous_SNV,CDH23_NM_001171930_exon14_c.G1469C_p.G490A|CDH23_NM_001171931_exon14_c.G1469C_p.G490A|CDH23_NM_022124_exon14_c.G1469C_p.G490A,0.2012,0.0297,0.1678,0.1769,0.3015,0.3306,0.1719,0.195,0.2881,0.185304,0.0113,.,D,D,D,D,D,D,D,P,P,M,M,.,.,T,T,.,D,T,T,Benign/Likely_benign
chr10,73466710,G/A,rs79705488,rs79705488,0.028,CDH23,exonic,nonsynonymous_SNV,CDH23_NM_001171930_exon25_c.G3010A_p.V1004M|CDH23_NM_001171931_exon25_c.G3010A_p.V1004M|CDH23_NM_022124_exon25_c.G3010A_p.V1004M,ENSG00000107736,exonic,nonsynonymous_SNV,CDH23_NM_001171930_exon25_c.G3010A_p.V1004M|CDH23_NM_001171931_exon25_c.G3010A_p.V1004M|CDH23_NM_022124_exon25_c.G3010A_p.V1004M,0.0003,0.0048,0.0003,0,0,0,0,0,0,0.00199681,0.0076,T,D,D,D,P,P,D,D,D,D,M,M,.,.,T,T,N,D,T,T,Uncertain_significance
chr10,73466774,G/A,rs143179070,rs143179070,0.056,CDH23,exonic,nonsynonymous_SNV,CDH23_NM_001171930_exon25_c.G3074A_p.G1025D|CDH23_NM_001171931_exon25_c.G3074A_p.G1025D|CDH23_NM_022124_exon25_c.G3074A_p.G1025D,ENSG00000107736,exonic,nonsynonymous_SNV,CDH23_NM_001171930_exon25_c.G3074A_p.G1025D|CDH23_NM_001171931_exon25_c.G3074A_p.G1025D|CDH23_NM_022124_exon25_c.G3074A_p.G1025D,0.0009,0.0118,0.0007,0,0.0013,0,3.786E-05,0.0009,0,0.00279553,0.0091,.,D,D,D,D,D,D,D,D,D,M,M,.,.,D,T,.,D,D,T,Benign
chr10,73501619,C/T,rs372636295,rs372636295,0.028,CDH23,exonic,nonsynonymous_SNV,CDH23_NM_022124_exon36_c.C4786T_p.R1596C,ENSG00000107736,exonic,nonsynonymous_SNV,CDH23_NM_022124_exon36_c.C4786T_p.R1596C,2.942E-05,0.0004,0,0,5.891E-05,0,0,0,0,.,.,.,D,D,D,P,P,D,D,D,D,L,L,.,.,T,T,.,D,T,T,Uncertain_significance
chr10,73558952,C/T,rs4747195,rs4747195,0.444,CDH23,exonic,nonsynonymous_SNV,CDH23_NM_001171933_exon4_c.C419T_p.P140L|CDH23_NM_001171934_exon4_c.C419T_p.P140L|CDH23_NM_022124_exon49_c.C7139T_p.P2380L,ENSG00000107736,exonic,nonsynonymous_SNV,CDH23_NM_001171933_exon4_c.C419T_p.P140L|CDH23_NM_001171934_exon4_c.C419T_p.P140L|CDH23_NM_022124_exon49_c.C7139T_p.P2380L,0.3076,0.2456,0.4291,0.209,0.5291,0.3464,0.2686,0.2918,0.2295,0.328275,0.2443,D,D,D,D,D,D,D,D,P,P,M,M,T,T,T,T,D,D,T,T,Benign/Likely_benign
chr10,73574788,C/A,.,.,0.028,CDH23,exonic,nonsynonymous_SNV,CDH23_NM_001171936_exon4_c.C404A_p.P135Q|CDH23_NM_001171935_exon5_c.C509A_p.P170Q|CDH23_NM_001171934_exon22_c.C2993A_p.P998Q|CDH23_NM_001171933_exon23_c.C3098A_p.P1033Q|CDH23_NM_022124_exon68_c.C9818A_p.P3273Q,ENSG00000107736,exonic,nonsynonymous_SNV,CDH23_NM_001171936_exon4_c.C404A_p.P135Q|CDH23_NM_001171935_exon5_c.C509A_p.P170Q|CDH23_NM_001171934_exon22_c.C2993A_p.P998Q|CDH23_NM_001171933_exon23_c.C3098A_p.P1033Q|CDH23_NM_022124_exon68_c.C9818A_p.P3273Q,.,.,.,.,.,.,.,.,.,.,.,D,D,D,D,D,D,D,D,D,D,L,L,D,D,D,D,N,D,D,D,.
chr1,109440215,G/A,rs41279678,rs41279678,0.167,GPSM2,exonic,nonsynonymous_SNV,GPSM2_NM_001321038_exon4_c.G380A_p.R127Q|GPSM2_NM_001321039_exon4_c.G380A_p.R127Q|GPSM2_NM_013296_exon4_c.G380A_p.R127Q,ENSG00000121957,exonic,nonsynonymous_SNV,GPSM2_NM_001321038_exon4_c.G380A_p.R127Q|GPSM2_NM_001321039_exon4_c.G380A_p.R127Q|GPSM2_NM_013296_exon4_c.G380A_p.R127Q,0.0838,0.0995,0.0429,0.1059,0.0002,0.1126,0.1025,0.0965,0.0697,0.0688898,0.1218,T,T,P,P,B,B,D,D,P,P,L,L,D,D,D,D,D,D,D,D,Benign/Likely_benign
chr1,109472327,C/T,rs35322815,rs35322815,0.083,GPSM2,exonic,nonsynonymous_SNV,GPSM2_NM_001321038_exon15_c.C1820T_p.S607F|GPSM2_NM_001321039_exon15_c.C1820T_p.S607F|GPSM2_NM_013296_exon15_c.C1820T_p.S607F,ENSG00000121957,exonic,nonsynonymous_SNV,GPSM2_NM_001321038_exon15_c.C1820T_p.S607F|GPSM2_NM_001321039_exon15_c.C1820T_p.S607F|GPSM2_NM_013296_exon15_c.C1820T_p.S607F,0.0017,0.0254,0.0008,0,0,0,1.813E-05,0.0011,9.765E-05,0.0071885,0.025,D,D,D,D,D,D,D,D,D,D,M,M,D,D,D,D,D,D,D,D,Benign/Likely_benign
chr11,17519711,C/T,rs142751309,rs142751309,0.028,USH1C,exonic,nonsynonymous_SNV,USH1C_NM_001297764_exon18_c.G1531A_p.G511R|USH1C_NM_005709_exon19_c.G1588A_p.G530R|USH1C_NM_153676_exon24_c.G2488A_p.G830R,ENSG00000006611,exonic,nonsynonymous_SNV,USH1C_NM_001297764_exon18_c.G1531A_p.G511R|USH1C_NM_005709_exon19_c.G1588A_p.G530R|USH1C_NM_153676_exon24_c.G2488A_p.G830R,0.0011,0.0152,0.0006,0,5.798E-05,4.487E-05,8.072E-05,0.0005,0.0002,0.00499201,0.0174,D,T,D,D,D,D,N,N,D,D,L,L,T,T,T,T,N,D,T,T,Benign
chr11,17544404,C/G,rs35336155,rs35336155,0.028,USH1C,exonic,nonsynonymous_SNV,USH1C_NM_001297764_exon11_c.G889C_p.E297Q|USH1C_NM_005709_exon12_c.G946C_p.E316Q|USH1C_NM_153676_exon12_c.G946C_p.E316Q,ENSG00000006611,exonic,nonsynonymous_SNV,USH1C_NM_001297764_exon11_c.G889C_p.E297Q|USH1C_NM_005709_exon12_c.G946C_p.E316Q|USH1C_NM_153676_exon12_c.G946C_p.E316Q,0.0009,0.013,0.0006,0,0,0,1.836E-05,0.0002,3.258E-05,0.00599042,0.0227,T,T,D,D,D,D,D,D,D,D,L,L,T,T,T,T,N,D,T,T,Benign/Likely_benign
chr11,76888643,G/A,rs36090425,rs36090425,0.028,MYO7A,exonic,nonsynonymous_SNV,MYO7A_NM_000260_exon19_c.G2236A_p.D746N|MYO7A_NM_001127179_exon19_c.G2236A_p.D746N|MYO7A_NM_001127180_exon19_c.G2236A_p.D746N,ENSG00000137474,exonic,nonsynonymous_SNV,MYO7A_NM_000260_exon19_c.G2236A_p.D746N|MYO7A_NM_001127179_exon19_c.G2236A_p.D746N|MYO7A_NM_001127180_exon19_c.G2236A_p.D746N,0.0015,0.0212,0.0007,0,0,0,4.521E-05,0.0013,3.313E-05,0.00738818,0.0272,T,T,D,D,P,P,D,D,D,D,L,L,T,T,T,T,N,D,T,T,Benign/Likely_benign
chr14,76906049,C/A,.,.,0.028,ESRRB,exonic,nonsynonymous_SNV,ESRRB_NM_004452_exon4_c.C353A_p.A118D,ENSG00000119715,exonic,nonsynonymous_SNV,ESRRB_NM_004452_exon4_c.C353A_p.A118D,.,.,.,.,.,.,.,.,.,.,.,.,D,.,D,.,D,.,D,.,D,.,L,.,D,D,D,.,.,.,.,.
chr15,32450694,G/A,rs138222088,rs138222088,0.056,CHRNA7,exonic,nonsynonymous_SNV,CHRNA7_NM_000746_exon7_c.G680A_p.R227H|CHRNA7_NM_001190455_exon7_c.G767A_p.R256H,ENSG00000175344,exonic,nonsynonymous_SNV,CHRNA7_NM_000746_exon7_c.G680A_p.R227H|CHRNA7_NM_001190455_exon7_c.G767A_p.R256H,0.0007,0.0083,0.0004,0,0,0,3.59E-05,0.0005,0.0008,.,.,.,D,.,D,.,D,.,D,.,D,.,H,.,T,D,D,.,.,.,.,.
chr15,32450712,A/G,rs142728508,rs142728508,0.028,CHRNA7,exonic,nonsynonymous_SNV,CHRNA7_NM_000746_exon7_c.A698G_p.Y233C|CHRNA7_NM_001190455_exon7_c.A785G_p.Y262C,ENSG00000175344,exonic,nonsynonymous_SNV,CHRNA7_NM_000746_exon7_c.A698G_p.Y233C|CHRNA7_NM_001190455_exon7_c.A785G_p.Y262C,0.0143,0.0027,0.0551,0.0003,0.0781,0.0011,0.0012,0.0123,0.0029,.,.,.,D,.,D,.,D,.,D,.,D,.,H,.,D,D,D,.,.,.,.,.
chr1,6504619,C/T,rs116413227,rs116413227,0.028,ESPN,exonic,nonsynonymous_SNV,ESPN_NM_031475_exon6_c.C1069T_p.P357S,ENSG00000187017,exonic,nonsynonymous_SNV,ESPN_NM_031475_exon6_c.C1069T_p.P357S,0.0021,0.0303,0.0013,0,0,0,0.0002,0.0004,0,0.00698882,0.0257,D,T,D,D,D,D,U,U,D,D,L,L,D,D,D,D,D,D,D,D,Benign
chr17,18041441,C/T,rs138861831,rs138861831,0.056,MYO15A,exonic,nonsynonymous_SNV,MYO15A_NM_016239_exon16_c.C4888T_p.R1630C,ENSG00000091536,exonic,nonsynonymous_SNV,MYO15A_NM_016239_exon16_c.C4888T_p.R1630C,0.0007,0.0091,0.0005,0,0,0,0.0001,0.0011,0,0.00359425,0.0136,.,D,.,D,.,D,.,.,.,D,.,H,.,D,D,D,.,.,.,.,Conflicting_interpretations_of_pathogenicity
chr17,18051393,G/A,rs199913622,rs199913622,0.028,MYO15A,exonic,nonsynonymous_SNV,MYO15A_NM_016239_exon30_c.G6560A_p.R2187H,ENSG00000091536,exonic,nonsynonymous_SNV,MYO15A_NM_016239_exon30_c.G6560A_p.R2187H,7.329E-05,0.0006,2.978E-05,0,0,0,6.3E-05,0,3.249E-05,0.000199681,0.0008,.,D,.,D,.,D,.,.,.,D,.,M,.,D,D,D,.,.,.,.,.
chr17,18052106,G/A,rs114274755,rs114274755,0.028,MYO15A,exonic,nonsynonymous_SNV,MYO15A_NM_016239_exon32_c.G6796A_p.V2266M,ENSG00000091536,exonic,nonsynonymous_SNV,MYO15A_NM_016239_exon32_c.G6796A_p.V2266M,0.0044,0.0191,0.0026,0.0021,0.0015,0.0022,0.0033,0.0052,0.0072,0.00998403,0.0212,.,D,.,D,.,D,.,.,.,D,.,M,.,D,D,D,.,.,.,.,Benign/Likely_benign
chr2,128342422,A/C,rs369143572,rs369143572,0.028,MYO7B,exonic,nonsynonymous_SNV,MYO7B_NM_001080527_exon14_c.A1624C_p.K542Q,ENSG00000169994,exonic,nonsynonymous_SNV,MYO7B_NM_001080527_exon14_c.A1624C_p.K542Q,8.934E-05,0.0013,2.978E-05,0,0,0,0,0,3.249E-05,0.000199681,0.0008,D,D,D,D,P,P,D,D,D,D,M,M,T,T,T,T,D,D,T,T,.
chr2,128379563,C/G,rs61744148,rs61744148,0.056,MYO7B,exonic,nonsynonymous_SNV,MYO7B_NM_001080527_exon27_c.C3454G_p.L1152V,ENSG00000169994,exonic,nonsynonymous_SNV,MYO7B_NM_001080527_exon27_c.C3454G_p.L1152V,0.1052,0.0225,0.0656,0.1933,0.0024,0.1414,0.1347,0.1271,0.0833,0.0646965,0.0106,T,T,D,D,P,P,D,D,P,P,N,N,D,D,T,T,N,D,T,T,.
chr2,128379611,G/A,rs142561271,rs142561271,0.028,MYO7B,exonic,nonsynonymous_SNV,MYO7B_NM_001080527_exon27_c.G3502A_p.E1168K,ENSG00000169994,exonic,nonsynonymous_SNV,MYO7B_NM_001080527_exon27_c.G3502A_p.E1168K,0.0003,0.0051,0.0002,0,9.758E-05,0,0,0.0005,4.382E-05,0.00139776,0.0053,T,T,D,D,D,D,D,D,D,D,N,N,T,T,T,T,D,D,T,T,.
chr21,43796675,A/G,.,.,0.028,TMPRSS3,exonic,nonsynonymous_SNV,TMPRSS3_NM_032404_exon8_c.T788C_p.L263P|TMPRSS3_NM_001256317_exon11_c.T1166C_p.L389P|TMPRSS3_NM_024022_exon11_c.T1169C_p.L390P,ENSG00000160183,exonic,nonsynonymous_SNV,TMPRSS3_NM_032404_exon8_c.T788C_p.L263P|TMPRSS3_NM_001256317_exon11_c.T1166C_p.L389P|TMPRSS3_NM_024022_exon11_c.T1169C_p.L390P,.,.,.,.,.,.,.,.,.,.,.,.,.,.,D,.,D,.,D,.,D,.,N,.,D,D,D,.,.,.,.,.
chr2,223783881,A/G,rs146239364,rs146239364,0.028,ACSL3,exonic,nonsynonymous_SNV,ACSL3_NM_203372_exon6_c.A766G_p.M256V|ACSL3_NM_004457_exon7_c.A766G_p.M256V,ENSG00000123983,exonic,nonsynonymous_SNV,ACSL3_NM_203372_exon6_c.A766G_p.M256V|ACSL3_NM_004457_exon7_c.A766G_p.M256V,0.0004,0.0052,0.0003,0,0,0,5.38E-05,0,3.251E-05,0.00199681,0.0076,D,D,P,P,P,P,D,D,D,D,M,M,T,T,T,T,N,D,T,T,.
chr2,233407701,G/T,rs17838626,rs17838626,0.028,CHRNG,exonic,nonsynonymous_SNV,CHRNG_NM_005199_exon7_c.G714T_p.Q238H,ENSG00000196811,exonic,nonsynonymous_SNV,CHRNG_NM_005199_exon7_c.G714T_p.Q238H,0.0006,0.0082,0.0007,0,0,0,6.266E-05,0.0002,0,0.00359425,0.0113,D,D,D,D,D,D,D,D,D,D,M,M,T,T,D,D,D,D,D,D,.
chr2,26700373,G/A,rs80356569,rs80356569,0.028,OTOF,exonic,nonsynonymous_SNV,OTOF_NM_194322_exon2_c.C247T_p.R83C|OTOF_NM_004802_exon3_c.C76T_p.R26C|OTOF_NM_194323_exon3_c.C76T_p.R26C|OTOF_NM_001287489_exon20_c.C2317T_p.R773C|OTOF_NM_194248_exon20_c.C2317T_p.R773C,ENSG00000115155,exonic,nonsynonymous_SNV,OTOF_NM_194322_exon2_c.C247T_p.R83C|OTOF_NM_004802_exon3_c.C76T_p.R26C|OTOF_NM_194323_exon3_c.C76T_p.R26C|OTOF_NM_001287489_exon20_c.C2317T_p.R773C|OTOF_NM_194248_exon20_c.C2317T_p.R773C,0.0153,0.0211,0.0143,0.051,0,0.0004,0.0141,0.0232,0.0234,0.0173722,0.031,D,D,D,D,P,P,N,N,D,D,M,M,T,T,D,T,D,D,D,T,Benign/Likely_benign
chr2,26760624,C/T,rs56332208,rs56332208,0.028,OTOF,exonic,nonsynonymous_SNV,OTOF_NM_001287489_exon2_c.G98A_p.R33Q|OTOF_NM_194248_exon2_c.G98A_p.R33Q,ENSG00000115155,exonic,nonsynonymous_SNV,OTOF_NM_001287489_exon2_c.G98A_p.R33Q|OTOF_NM_194248_exon2_c.G98A_p.R33Q,0.0018,0.0255,0.0022,0,9.367E-05,0,0.0001,0.002,8.69E-05,0.00958466,0.034,D,T,D,D,D,D,D,D,D,D,L,L,T,T,T,T,N,D,T,T,Benign/Likely_benign
chr3,66436537,C/T,rs77775448,rs77775448,0.111,LRIG1,exonic,nonsynonymous_SNV,LRIG1_NM_015541_exon13_c.G1657A_p.G553R,ENSG00000144749,exonic,nonsynonymous_SNV,LRIG1_NM_015541_exon13_c.G1657A_p.G553R,0.0012,0.0176,0.0006,0,0,0,5.371E-05,0.0002,6.497E-05,0.00658946,0.0242,D,D,D,D,D,D,D,D,D,D,M,M,T,T,T,T,D,D,T,T,.
chr6,33136310,G/T,rs2229784,rs2229784,0.111,COL11A2,exonic,nonsynonymous_SNV,COL11A2_NM_080679_exon51_c.C3625A_p.P1209T|COL11A2_NM_080681_exon52_c.C3688A_p.P1230T|COL11A2_NM_080680_exon54_c.C3946A_p.P1316T,ENSG00000204248,exonic,nonsynonymous_SNV,COL11A2_NM_080679_exon51_c.C3625A_p.P1209T|COL11A2_NM_080681_exon52_c.C3688A_p.P1230T|COL11A2_NM_080680_exon54_c.C3946A_p.P1316T,0.0345,0.0768,0.0342,0.0424,0.0903,0.0059,0.0279,0.0401,0.0243,0.057508,0.0908,D,D,D,D,P,P,N,N,D,D,M,M,D,D,D,D,D,D,D,D,Benign
chr6,33136529,T/C,rs142962835,rs142962835,0.028,COL11A2,exonic,nonsynonymous_SNV,COL11A2_NM_080679_exon50_c.A3539G_p.D1180G|COL11A2_NM_080681_exon51_c.A3602G_p.D1201G|COL11A2_NM_080680_exon53_c.A3860G_p.D1287G,ENSG00000204248,exonic,nonsynonymous_SNV,COL11A2_NM_080679_exon50_c.A3539G_p.D1180G|COL11A2_NM_080681_exon51_c.A3602G_p.D1201G|COL11A2_NM_080680_exon53_c.A3860G_p.D1287G,0.0011,0.0162,0.0006,0,0,0,0.0001,0.0008,0,0.00479233,0.0182,D,D,D,D,D,D,D,D,D,D,L,L,D,D,D,D,D,D,D,D,Benign
chr6,33141280,G/A,rs2855430,rs2855430,0.028,COL11A2,exonic,nonsynonymous_SNV,COL11A2_NM_080679_exon33_c.C2360T_p.P787L|COL11A2_NM_080681_exon34_c.C2423T_p.P808L|COL11A2_NM_080680_exon36_c.C2681T_p.P894L,ENSG00000204248,exonic,nonsynonymous_SNV,COL11A2_NM_080679_exon33_c.C2360T_p.P787L|COL11A2_NM_080681_exon34_c.C2423T_p.P808L|COL11A2_NM_080680_exon36_c.C2681T_p.P894L,0.1219,0.0239,0.0594,0.088,0.0957,0.1774,0.1336,0.1161,0.1837,0.102236,0.0098,T,T,D,D,D,D,D,D,P,P,.,.,T,T,T,T,D,D,T,T,Benign
chr6,76527316,A/G,rs142516093,rs142516093,0.056,MYO6,exonic,nonsynonymous_SNV,MYO6_NM_001300899_exon2_c.A52G_p.M18V|MYO6_NM_004999_exon2_c.A52G_p.M18V,ENSG00000196586,exonic,nonsynonymous_SNV,MYO6_NM_001300899_exon2_c.A52G_p.M18V|MYO6_NM_004999_exon2_c.A52G_p.M18V,6.498E-05,0.001,0,0,0,0,0,0,0,0.000599042,0.0023,T,T,B,B,B,B,D,D,D,D,N,N,D,D,T,T,N,D,T,T,Uncertain_significance
chr7,107350548,T/G,rs143708308,rs143708308,0.028,SLC26A4,exonic,nonsynonymous_SNV,SLC26A4_NM_000441_exon19_c.T2139G_p.I713M,ENSG00000091137,exonic,nonsynonymous_SNV,SLC26A4_NM_000441_exon19_c.T2139G_p.I713M,0.0007,0.01,0.0003,0,0,0,8.961E-06,0.0002,3.249E-05,0.00199681,0.0076,D,T,P,P,P,P,N,N,N,N,M,M,D,D,D,D,N,D,D,D,Benign/Likely_benign
chr7,97616436,C/G,rs139724916,rs139724916,0.028,OCM2,exonic,nonsynonymous_SNV,OCM2_NM_006188_exon3_c.G227C_p.R76T,ENSG00000135175,exonic,nonsynonymous_SNV,OCM2_NM_006188_exon3_c.G227C_p.R76T,0.0001,0.0011,0.0003,0,0,0,0,0,0,0.000399361,0.0015,D,D,D,D,D,D,D,D,D,D,L,L,T,T,T,T,D,D,T,T,.
chr8,27321250,G/A,.,.,0.028,CHRNA2,exonic,nonsynonymous_SNV,CHRNA2_NM_000742_exon6_c.C710T_p.T237M|CHRNA2_NM_001282455_exon6_c.C665T_p.T222M|CHRNA2_NM_001347705_exon6_c.C233T_p.T78M|CHRNA2_NM_001347706_exon6_c.C233T_p.T78M|CHRNA2_NM_001347708_exon6_c.C116T_p.T39M|CHRNA2_NM_001347707_exon7_c.C116T_p.T39M,ENSG00000120903,exonic,nonsynonymous_SNV,CHRNA2_NM_000742_exon6_c.C710T_p.T237M|CHRNA2_NM_001282455_exon6_c.C665T_p.T222M|CHRNA2_NM_001347705_exon6_c.C233T_p.T78M|CHRNA2_NM_001347706_exon6_c.C233T_p.T78M|CHRNA2_NM_001347708_exon6_c.C116T_p.T39M|CHRNA2_NM_001347707_exon7_c.C116T_p.T39M,.,.,.,.,.,.,.,.,.,.,.,D,D,D,D,P,P,N,N,D,D,M,M,T,T,T,T,N,D,T,T,.
chr8,6479071,C/G,rs369802722,rs369802722,0.056,MCPH1,exonic,nonsynonymous_SNV,MCPH1_NM_001322042_exon13_c.C2311G_p.P771A|MCPH1_NM_024596_exon13_c.C2311G_p.P771A,ENSG00000147316,exonic,nonsynonymous_SNV,MCPH1_NM_001322042_exon13_c.C2311G_p.P771A|MCPH1_NM_024596_exon13_c.C2311G_p.P771A,1.218E-05,0.0002,0,0,0,0,0,0,0,.,.,D,D,P,P,B,B,D,D,N,D,M,M,D,D,D,D,D,D,D,D,.
