CHROM,POS,A1/A2,snp138,AF,Gene.refGene,Func.refGene,ExonicFunc.refGene,AAChange.refGene,Gene.ensGene,Func.ensGene,ExonicFunc.ensGene,AAChange.refGene,gnomAD_exome_ALL,gnomAD_exome_AFR,gnomAD_exome_AMR,gnomAD_exome_ASJ,gnomAD_exome_EAS,gnomAD_exome_FIN,gnomAD_exome_NFE,gnomAD_exome_OTH,gnomAD_exome_SAS,1000g2014oct_all,1000g2014oct_afr,SIFT_pred,Polyphen2_HDIV_pred,Polyphen2_HVAR_pred,LRT_pred,MutationTaster_pred,MutationAssessor_pred,FATHMM_pred,RadialSVM_pred,LR_pred,CADD_phred,GERP++_RS,phyloP46way_placental,phyloP100way_vertebrate,SiPhy_29way_logOdds,CLNSIG,,,,,,,,,,
chr10,114177616,G/A,rs34585626,0.028,ACSL5,exonic,nonsynonymous_SNV,ACSL5:NM_016234:exon14:c.G1399A:p.G467R|ACSL5:NM_203379:exon14:c.G1231A:p.G411R|ACSL5:NM_203380:exon14:c.G1231A:p.G411R,ENSG00000197142,exonic,nonsynonymous_SNV,ACSL5:NM_016234:exon14:c.G1399A:p.G467R|ACSL5:NM_203379:exon14:c.G1231A:p.G411R|ACSL5:NM_203380:exon14:c.G1231A:p.G411R,0.0015,0.0109,0.0035,0.0002,0,0.0002,0.0005,0.0047,0.0002,0.00399361,0.0136,D,D,D,D,D,D,D,D,D,D,H,H,T,T,T,T,29.9,28,5.14,5.14,2.671,9.33,18.39,18.39,.
chr10,26286103,C/T,rs140301218,0.028,MYO3A,exonic,nonsynonymous_SNV,MYO3A:NM_017433:exon6:c.C424T:p.H142Y,ENSG00000095777,exonic,nonsynonymous_SNV,MYO3A:NM_017433:exon6:c.C424T:p.H142Y,0.0002,0.0026,0.0002,0,0,0,0,0.0005,3.249E-05,0.00139776,0.003,D,D,D,D,D,D,D,D,D,D,H,H,D,D,D,D,29.2,25,5.41,5.41,2.697,7.497,19.177,19.177,Likely_benign
chr10,26305773,C/T,rs33968748,0.167,MYO3A,exonic,nonsynonymous_SNV,MYO3A:NM_017433:exon7:c.C533T:p.T178I,ENSG00000095777,exonic,nonsynonymous_SNV,MYO3A:NM_017433:exon7:c.C533T:p.T178I,0.0031,0.0395,0.0038,0,0,0,0.0002,0.0016,3.249E-05,0.0131789,0.0477,D,D,D,D,D,D,D,D,D,D,L,L,T,T,T,T,32,27.3,5.67,5.67,2.649,6.027,16.057,16.057,Benign
chr10,26434381,T/C,rs187273590,0.028,MYO3A,exonic,nonsynonymous_SNV,MYO3A:NM_017433:exon22:c.T2423C:p.F808S,ENSG00000095777,exonic,nonsynonymous_SNV,MYO3A:NM_017433:exon22:c.T2423C:p.F808S,1.222E-05,0.0002,0,0,0,0,0,0,0,0.000399361,0.0015,D,D,D,D,D,D,D,D,D,D,M,M,D,D,D,D,32,26.6,5.72,5.72,2.183,7.977,16.002,16.002,.
chr10,55566761,C/T,rs181306086,0.028,PCDH15,exonic,unknown,UNKNOWN,ENSG00000150275,exonic,nonsynonymous_SNV,UNKNOWN,0.0003,0.0045,0.0004,0,0,0,1.803E-05,0,3.249E-05,0.000599042,0.0015,.,D,D,D,D,D,.,.,D,D,M,M,.,T,T,T,23.8,22.7,5.86,5.86,2.776,4.699,19.797,19.797,Conflicting_interpretations_of_pathogenicity
chr10,55591253,G/T,rs61731387,0.028,PCDH15,exonic,nonsynonymous_SNV,PCDH15:NM_001142765:exon28:c.C3811A:p.Q1271K|PCDH15:NM_001142767:exon29:c.C3913A:p.Q1305K|PCDH15:NM_001142768:exon29:c.C3958A:p.Q1320K|PCDH15:NM_001142773:exon29:c.C3958A:p.Q1320K|PCDH15:NM_001142764:exon30:c.C4024A:p.Q1342K|PCDH15:NM_001142766:exon30:c.C4024A:p.Q1342K|PCDH15:NM_033056:exon30:c.C4024A:p.Q1342K|PCDH15:NM_001142763:exon31:c.C4039A:p.Q1347K,ENSG00000150275,exonic,nonsynonymous_SNV,PCDH15:NM_001142765:exon28:c.C3811A:p.Q1271K|PCDH15:NM_001142767:exon29:c.C3913A:p.Q1305K|PCDH15:NM_001142768:exon29:c.C3958A:p.Q1320K|PCDH15:NM_001142773:exon29:c.C3958A:p.Q1320K|PCDH15:NM_001142764:exon30:c.C4024A:p.Q1342K|PCDH15:NM_001142766:exon30:c.C4024A:p.Q1342K|PCDH15:NM_033056:exon30:c.C4024A:p.Q1342K|PCDH15:NM_001142763:exon31:c.C4039A:p.Q1347K,0.0017,0.0233,0.0012,0.0002,0,0,0.0002,0.0015,6.498E-05,0.0081869,0.028,D,T,D,D,D,D,.,.,D,D,L,L,T,T,T,T,27.5,27.4,5.76,5.76,2.714,9.864,19.559,19.559,Benign/Likely_benign
chr10,55782743,A/G,rs61731363,0.056,PCDH15,exonic,nonsynonymous_SNV,PCDH15:NM_001142765:exon17:c.T2222C:p.I741T|PCDH15:NM_001142767:exon18:c.T2324C:p.I775T|PCDH15:NM_001142768:exon18:c.T2369C:p.I790T|PCDH15:NM_001142773:exon18:c.T2369C:p.I790T|PCDH15:NM_001142764:exon19:c.T2435C:p.I812T|PCDH15:NM_001142766:exon19:c.T2435C:p.I812T|PCDH15:NM_033056:exon19:c.T2435C:p.I812T|PCDH15:NM_001142763:exon20:c.T2450C:p.I817T,ENSG00000150275,exonic,nonsynonymous_SNV,PCDH15:NM_001142765:exon17:c.T2222C:p.I741T|PCDH15:NM_001142767:exon18:c.T2324C:p.I775T|PCDH15:NM_001142768:exon18:c.T2369C:p.I790T|PCDH15:NM_001142773:exon18:c.T2369C:p.I790T|PCDH15:NM_001142764:exon19:c.T2435C:p.I812T|PCDH15:NM_001142766:exon19:c.T2435C:p.I812T|PCDH15:NM_033056:exon19:c.T2435C:p.I812T|PCDH15:NM_001142763:exon20:c.T2450C:p.I817T,0.0007,0.0098,0.0004,0,0,0,8.962E-06,0.0005,0,0.00399361,0.0151,T,D,D,D,D,D,.,.,D,D,L,L,T,T,T,T,24.3,21.5,5.67,5.67,2.285,9.287,15.869,15.869,Benign/Likely_benign
chr10,73434888,G/C,rs1227049,0.028,CDH23,exonic,nonsynonymous_SNV,CDH23:NM_001171930:exon14:c.G1469C:p.G490A|CDH23:NM_001171931:exon14:c.G1469C:p.G490A|CDH23:NM_022124:exon14:c.G1469C:p.G490A,ENSG00000107736,exonic,nonsynonymous_SNV,CDH23:NM_001171930:exon14:c.G1469C:p.G490A|CDH23:NM_001171931:exon14:c.G1469C:p.G490A|CDH23:NM_022124:exon14:c.G1469C:p.G490A,0.2012,0.0297,0.1678,0.1769,0.3015,0.3306,0.1719,0.195,0.2881,0.185304,0.0113,.,D,D,D,D,D,D,D,P,P,M,M,.,.,T,T,27.1,21.9,5.72,5.72,2.693,8.658,19.879,19.879,Benign/Likely_benign
chr10,73466710,G/A,rs79705488,0.028,CDH23,exonic,nonsynonymous_SNV,CDH23:NM_001171930:exon25:c.G3010A:p.V1004M|CDH23:NM_001171931:exon25:c.G3010A:p.V1004M|CDH23:NM_022124:exon25:c.G3010A:p.V1004M,ENSG00000107736,exonic,nonsynonymous_SNV,CDH23:NM_001171930:exon25:c.G3010A:p.V1004M|CDH23:NM_001171931:exon25:c.G3010A:p.V1004M|CDH23:NM_022124:exon25:c.G3010A:p.V1004M,0.0003,0.0048,0.0003,0,0,0,0,0,0,0.00199681,0.0076,T,D,D,D,P,P,D,D,D,D,M,M,.,.,T,T,26.5,21.1,4.36,4.36,2.468,2.15,8.666,8.666,Uncertain_significance
chr10,73466774,G/A,rs143179070,0.056,CDH23,exonic,nonsynonymous_SNV,CDH23:NM_001171930:exon25:c.G3074A:p.G1025D|CDH23:NM_001171931:exon25:c.G3074A:p.G1025D|CDH23:NM_022124:exon25:c.G3074A:p.G1025D,ENSG00000107736,exonic,nonsynonymous_SNV,CDH23:NM_001171930:exon25:c.G3074A:p.G1025D|CDH23:NM_001171931:exon25:c.G3074A:p.G1025D|CDH23:NM_022124:exon25:c.G3074A:p.G1025D,0.0009,0.0118,0.0007,0,0.0013,0,3.786E-05,0.0009,0,0.00279553,0.0091,.,D,D,D,D,D,D,D,D,D,M,M,.,.,D,T,31,33,5.28,5.28,2.468,8.007,18.917,18.917,Benign
chr10,73501619,C/T,rs372636295,0.028,CDH23,exonic,nonsynonymous_SNV,CDH23:NM_022124:exon36:c.C4786T:p.R1596C,ENSG00000107736,exonic,nonsynonymous_SNV,CDH23:NM_022124:exon36:c.C4786T:p.R1596C,2.942E-05,0.0004,0,0,5.891E-05,0,0,0,0,.,.,.,D,D,D,P,P,D,D,D,D,L,L,.,.,T,T,34,20.7,5.09,5.09,2.378,2.869,12.294,12.294,Uncertain_significance
chr10,73558952,C/T,rs4747195,0.444,CDH23,exonic,nonsynonymous_SNV,CDH23:NM_001171933:exon4:c.C419T:p.P140L|CDH23:NM_001171934:exon4:c.C419T:p.P140L|CDH23:NM_022124:exon49:c.C7139T:p.P2380L,ENSG00000107736,exonic,nonsynonymous_SNV,CDH23:NM_001171933:exon4:c.C419T:p.P140L|CDH23:NM_001171934:exon4:c.C419T:p.P140L|CDH23:NM_022124:exon49:c.C7139T:p.P2380L,0.3076,0.2456,0.4291,0.209,0.5291,0.3464,0.2686,0.2918,0.2295,0.328275,0.2443,D,D,D,D,D,D,D,D,P,P,M,M,T,T,T,T,25,22.5,5.55,5.55,2.623,7.786,19.516,19.516,Benign/Likely_benign
chr10,73574788,C/A,.,0.028,CDH23,exonic,nonsynonymous_SNV,CDH23:NM_001171936:exon4:c.C404A:p.P135Q|CDH23:NM_001171935:exon5:c.C509A:p.P170Q|CDH23:NM_001171934:exon22:c.C2993A:p.P998Q|CDH23:NM_001171933:exon23:c.C3098A:p.P1033Q|CDH23:NM_022124:exon68:c.C9818A:p.P3273Q,ENSG00000107736,exonic,nonsynonymous_SNV,CDH23:NM_001171936:exon4:c.C404A:p.P135Q|CDH23:NM_001171935:exon5:c.C509A:p.P170Q|CDH23:NM_001171934:exon22:c.C2993A:p.P998Q|CDH23:NM_001171933:exon23:c.C3098A:p.P1033Q|CDH23:NM_022124:exon68:c.C9818A:p.P3273Q,.,.,.,.,.,.,.,.,.,.,.,D,D,D,D,D,D,D,D,D,D,L,L,D,D,D,D,22.4,17.3,5.14,5.14,2.412,5.704,18.627,18.627,.
chr1,109472327,C/T,rs35322815,0.083,GPSM2,exonic,nonsynonymous_SNV,GPSM2:NM_001321038:exon15:c.C1820T:p.S607F|GPSM2:NM_001321039:exon15:c.C1820T:p.S607F|GPSM2:NM_013296:exon15:c.C1820T:p.S607F,ENSG00000121957,exonic,nonsynonymous_SNV,GPSM2:NM_001321038:exon15:c.C1820T:p.S607F|GPSM2:NM_001321039:exon15:c.C1820T:p.S607F|GPSM2:NM_013296:exon15:c.C1820T:p.S607F,0.0017,0.0254,0.0008,0,0,0,1.813E-05,0.0011,9.765E-05,0.0071885,0.025,D,D,D,D,D,D,D,D,D,D,M,M,D,D,D,D,34,28.8,5.79,5.79,2.736,7.42,19.637,19.637,Benign/Likely_benign
chr11,17519711,C/T,rs142751309,0.028,USH1C,exonic,nonsynonymous_SNV,USH1C:NM_001297764:exon18:c.G1531A:p.G511R|USH1C:NM_005709:exon19:c.G1588A:p.G530R|USH1C:NM_153676:exon24:c.G2488A:p.G830R,ENSG00000006611,exonic,nonsynonymous_SNV,USH1C:NM_001297764:exon18:c.G1531A:p.G511R|USH1C:NM_005709:exon19:c.G1588A:p.G530R|USH1C:NM_153676:exon24:c.G2488A:p.G830R,0.0011,0.0152,0.0006,0,5.798E-05,4.487E-05,8.072E-05,0.0005,0.0002,0.00499201,0.0174,D,T,D,D,D,D,N,N,D,D,L,L,T,T,T,T,25.1,15.38,3.5,3.5,1.477,4.371,13.764,13.764,Benign
chr11,17544404,C/G,rs35336155,0.028,USH1C,exonic,nonsynonymous_SNV,USH1C:NM_001297764:exon11:c.G889C:p.E297Q|USH1C:NM_005709:exon12:c.G946C:p.E316Q|USH1C:NM_153676:exon12:c.G946C:p.E316Q,ENSG00000006611,exonic,nonsynonymous_SNV,USH1C:NM_001297764:exon11:c.G889C:p.E297Q|USH1C:NM_005709:exon12:c.G946C:p.E316Q|USH1C:NM_153676:exon12:c.G946C:p.E316Q,0.0009,0.013,0.0006,0,0,0,1.836E-05,0.0002,3.258E-05,0.00599042,0.0227,T,T,D,D,D,D,D,D,D,D,L,L,T,T,T,T,25.1,17.93,5.04,5.04,2.351,6.653,15.304,15.304,Benign/Likely_benign
chr14,76906049,C/A,.,0.028,ESRRB,exonic,nonsynonymous_SNV,ESRRB:NM_004452:exon4:c.C353A:p.A118D,ENSG00000119715,exonic,nonsynonymous_SNV,ESRRB:NM_004452:exon4:c.C353A:p.A118D,.,.,.,.,.,.,.,.,.,.,.,.,D,.,D,.,D,.,D,.,D,.,L,.,D,D,D,.,26.5,.,5.11,2.377,7.779,.,18.554,.
chr15,32450694,G/A,rs138222088,0.056,CHRNA7,exonic,nonsynonymous_SNV,CHRNA7:NM_000746:exon7:c.G680A:p.R227H|CHRNA7:NM_001190455:exon7:c.G767A:p.R256H,ENSG00000175344,exonic,nonsynonymous_SNV,CHRNA7:NM_000746:exon7:c.G680A:p.R227H|CHRNA7:NM_001190455:exon7:c.G767A:p.R256H,0.0007,0.0083,0.0004,0,0,0,3.59E-05,0.0005,0.0008,.,.,.,D,.,D,.,D,.,D,.,D,.,H,.,T,D,D,.,28.6,.,4.51,2.502,9.135,.,15.112,.
chr15,32450712,A/G,rs142728508,0.028,CHRNA7,exonic,nonsynonymous_SNV,CHRNA7:NM_000746:exon7:c.A698G:p.Y233C|CHRNA7:NM_001190455:exon7:c.A785G:p.Y262C,ENSG00000175344,exonic,nonsynonymous_SNV,CHRNA7:NM_000746:exon7:c.A698G:p.Y233C|CHRNA7:NM_001190455:exon7:c.A785G:p.Y262C,0.0143,0.0027,0.0551,0.0003,0.0781,0.0011,0.0012,0.0123,0.0029,.,.,.,D,.,D,.,D,.,D,.,D,.,H,.,D,D,D,.,20.8,.,4.51,2.024,8.714,.,12.104,.
chr1,6504619,C/T,rs116413227,0.028,ESPN,exonic,nonsynonymous_SNV,ESPN:NM_031475:exon6:c.C1069T:p.P357S,ENSG00000187017,exonic,nonsynonymous_SNV,ESPN:NM_031475:exon6:c.C1069T:p.P357S,0.0021,0.0303,0.0013,0,0,0,0.0002,0.0004,0,0.00698882,0.0257,D,T,D,D,D,D,U,U,D,D,L,L,D,D,D,D,28.6,21.7,3.77,3.77,1.949,6.93,14.337,14.337,Benign
chr17,18041441,C/T,rs138861831,0.056,MYO15A,exonic,nonsynonymous_SNV,MYO15A:NM_016239:exon16:c.C4888T:p.R1630C,ENSG00000091536,exonic,nonsynonymous_SNV,MYO15A:NM_016239:exon16:c.C4888T:p.R1630C,0.0007,0.0091,0.0005,0,0,0,0.0001,0.0011,0,0.00359425,0.0136,.,D,.,D,.,D,.,.,.,D,.,H,.,D,D,D,.,15.7,.,5.47,2.573,1.75,.,15.708,Conflicting_interpretations_of_pathogenicity
chr17,18051393,G/A,rs199913622,0.028,MYO15A,exonic,nonsynonymous_SNV,MYO15A:NM_016239:exon30:c.G6560A:p.R2187H,ENSG00000091536,exonic,nonsynonymous_SNV,MYO15A:NM_016239:exon30:c.G6560A:p.R2187H,7.329E-05,0.0006,2.978E-05,0,0,0,6.3E-05,0,3.249E-05,0.000199681,0.0008,.,D,.,D,.,D,.,.,.,D,.,M,.,D,D,D,.,17.26,.,4.24,2.203,3.935,.,5.407,.
chr17,18052106,G/A,rs114274755,0.028,MYO15A,exonic,nonsynonymous_SNV,MYO15A:NM_016239:exon32:c.G6796A:p.V2266M,ENSG00000091536,exonic,nonsynonymous_SNV,MYO15A:NM_016239:exon32:c.G6796A:p.V2266M,0.0044,0.0191,0.0026,0.0021,0.0015,0.0022,0.0033,0.0052,0.0072,0.00998403,0.0212,.,D,.,D,.,D,.,.,.,D,.,M,.,D,D,D,.,15.71,.,4.26,2.203,3.113,.,16.852,Benign/Likely_benign
chr2,128342422,A/C,rs369143572,0.028,MYO7B,exonic,nonsynonymous_SNV,MYO7B:NM_001080527:exon14:c.A1624C:p.K542Q,ENSG00000169994,exonic,nonsynonymous_SNV,MYO7B:NM_001080527:exon14:c.A1624C:p.K542Q,8.934E-05,0.0013,2.978E-05,0,0,0,0,0,3.249E-05,0.000199681,0.0008,D,D,D,D,P,P,D,D,D,D,M,M,T,T,T,T,24,17.56,4.03,4.03,2.133,7.174,12.099,12.099,.
chr2,128379611,G/A,rs142561271,0.028,MYO7B,exonic,nonsynonymous_SNV,MYO7B:NM_001080527:exon27:c.G3502A:p.E1168K,ENSG00000169994,exonic,nonsynonymous_SNV,MYO7B:NM_001080527:exon27:c.G3502A:p.E1168K,0.0003,0.0051,0.0002,0,9.758E-05,0,0,0.0005,4.382E-05,0.00139776,0.0053,T,T,D,D,D,D,D,D,D,D,N,N,T,T,T,T,23.3,24.9,4.04,4.04,1.047,5.447,9.556,9.556,.
chr21,43796675,A/G,.,0.028,TMPRSS3,exonic,nonsynonymous_SNV,TMPRSS3:NM_032404:exon8:c.T788C:p.L263P|TMPRSS3:NM_001256317:exon11:c.T1166C:p.L389P|TMPRSS3:NM_024022:exon11:c.T1169C:p.L390P,ENSG00000160183,exonic,nonsynonymous_SNV,TMPRSS3:NM_032404:exon8:c.T788C:p.L263P|TMPRSS3:NM_001256317:exon11:c.T1166C:p.L389P|TMPRSS3:NM_024022:exon11:c.T1169C:p.L390P,.,.,.,.,.,.,.,.,.,.,.,.,.,.,D,.,D,.,D,.,D,.,N,.,D,D,D,.,15.66,.,4.94,1.84,6.418,.,14.6,.
chr2,233407701,G/T,rs17838626,0.028,CHRNG,exonic,nonsynonymous_SNV,CHRNG:NM_005199:exon7:c.G714T:p.Q238H,ENSG00000196811,exonic,nonsynonymous_SNV,CHRNG:NM_005199:exon7:c.G714T:p.Q238H,0.0006,0.0082,0.0007,0,0,0,6.266E-05,0.0002,0,0.00359425,0.0113,D,D,D,D,D,D,D,D,D,D,M,M,T,T,D,D,25.6,17.61,4.29,4.29,1.302,2.557,9.009,9.009,.
chr2,26700373,G/A,rs80356569,0.028,OTOF,exonic,nonsynonymous_SNV,OTOF:NM_194322:exon2:c.C247T:p.R83C|OTOF:NM_004802:exon3:c.C76T:p.R26C|OTOF:NM_194323:exon3:c.C76T:p.R26C|OTOF:NM_001287489:exon20:c.C2317T:p.R773C|OTOF:NM_194248:exon20:c.C2317T:p.R773C,ENSG00000115155,exonic,nonsynonymous_SNV,OTOF:NM_194322:exon2:c.C247T:p.R83C|OTOF:NM_004802:exon3:c.C76T:p.R26C|OTOF:NM_194323:exon3:c.C76T:p.R26C|OTOF:NM_001287489:exon20:c.C2317T:p.R773C|OTOF:NM_194248:exon20:c.C2317T:p.R773C,0.0153,0.0211,0.0143,0.051,0,0.0004,0.0141,0.0232,0.0234,0.0173722,0.031,D,D,D,D,P,P,N,N,D,D,M,M,T,T,D,T,33,21.2,4.65,4.65,2.132,9.377,17.122,17.122,Benign/Likely_benign
chr2,26760624,C/T,rs56332208,0.028,OTOF,exonic,nonsynonymous_SNV,OTOF:NM_001287489:exon2:c.G98A:p.R33Q|OTOF:NM_194248:exon2:c.G98A:p.R33Q,ENSG00000115155,exonic,nonsynonymous_SNV,OTOF:NM_001287489:exon2:c.G98A:p.R33Q|OTOF:NM_194248:exon2:c.G98A:p.R33Q,0.0018,0.0255,0.0022,0,9.367E-05,0,0.0001,0.002,8.69E-05,0.00958466,0.034,D,T,D,D,D,D,D,D,D,D,L,L,T,T,T,T,32,22.7,4.82,4.82,2.421,3.821,13.778,13.778,Benign/Likely_benign
chr3,66436537,C/T,rs77775448,0.111,LRIG1,exonic,nonsynonymous_SNV,LRIG1:NM_015541:exon13:c.G1657A:p.G553R,ENSG00000144749,exonic,nonsynonymous_SNV,LRIG1:NM_015541:exon13:c.G1657A:p.G553R,0.0012,0.0176,0.0006,0,0,0,5.371E-05,0.0002,6.497E-05,0.00658946,0.0242,D,D,D,D,D,D,D,D,D,D,M,M,T,T,T,T,29.8,19.12,6.17,6.17,2.941,4.681,20.879,20.879,.
chr6,33136310,G/T,rs2229784,0.111,COL11A2,exonic,nonsynonymous_SNV,COL11A2:NM_080679:exon51:c.C3625A:p.P1209T|COL11A2:NM_080681:exon52:c.C3688A:p.P1230T|COL11A2:NM_080680:exon54:c.C3946A:p.P1316T,ENSG00000204248,exonic,nonsynonymous_SNV,COL11A2:NM_080679:exon51:c.C3625A:p.P1209T|COL11A2:NM_080681:exon52:c.C3688A:p.P1230T|COL11A2:NM_080680:exon54:c.C3946A:p.P1316T,0.0345,0.0768,0.0342,0.0424,0.0903,0.0059,0.0279,0.0401,0.0243,0.057508,0.0908,D,D,D,D,P,P,N,N,D,D,M,M,D,D,D,D,23.4,15.27,3.38,3.38,1.008,7.325,9.822,9.822,Benign
chr6,33136529,T/C,rs142962835,0.028,COL11A2,exonic,nonsynonymous_SNV,COL11A2:NM_080679:exon50:c.A3539G:p.D1180G|COL11A2:NM_080681:exon51:c.A3602G:p.D1201G|COL11A2:NM_080680:exon53:c.A3860G:p.D1287G,ENSG00000204248,exonic,nonsynonymous_SNV,COL11A2:NM_080679:exon50:c.A3539G:p.D1180G|COL11A2:NM_080681:exon51:c.A3602G:p.D1201G|COL11A2:NM_080680:exon53:c.A3860G:p.D1287G,0.0011,0.0162,0.0006,0,0,0,0.0001,0.0008,0,0.00479233,0.0182,D,D,D,D,D,D,D,D,D,D,L,L,D,D,D,D,24.4,16.26,3.8,3.8,1.726,5.627,10.841,10.841,Benign
chr7,97616436,C/G,rs139724916,0.028,OCM2,exonic,nonsynonymous_SNV,OCM2:NM_006188:exon3:c.G227C:p.R76T,ENSG00000135175,exonic,nonsynonymous_SNV,OCM2:NM_006188:exon3:c.G227C:p.R76T,0.0001,0.0011,0.0003,0,0,0,0,0,0,0.000399361,0.0015,D,D,D,D,D,D,D,D,D,D,L,L,T,T,T,T,28.4,21.5,3.95,3.95,2.076,3.975,14.878,14.878,.
chr8,6479071,C/G,rs369802722,0.056,MCPH1,exonic,nonsynonymous_SNV,MCPH1:NM_001322042:exon13:c.C2311G:p.P771A|MCPH1:NM_024596:exon13:c.C2311G:p.P771A,ENSG00000147316,exonic,nonsynonymous_SNV,MCPH1:NM_001322042:exon13:c.C2311G:p.P771A|MCPH1:NM_024596:exon13:c.C2311G:p.P771A,1.218E-05,0.0002,0,0,0,0,0,0,0,.,.,D,D,P,P,B,B,D,D,N,D,M,M,D,D,D,D,18.93,10.43,4.51,4.51,1.281,3.637,11.992,11.992,.
